规则,药品名,拼音首字母,医保编码数,KP ID
药品区分性别使用,艾地骨化醇软胶囊,adghcrjn,49,31299
药品区分性别使用,艾附暖宫丸,afngw,75,31208
药品区分性别使用,氨酚帕马溴片,afpmxp,4,31406
药品区分性别使用,安宫止血颗粒,agzxkl,1,31210
药品区分性别使用,安宫止血丸,agzxw,3,31403
药品区分性别使用,阿那曲唑片,anqzp,14,31298
药品区分性别使用,爱普列特片,apltp,4,31209
药品区分性别使用,阿帕他胺片,aptap,3,31207
药品区分性别使用,奥特康唑胶囊,atkzjn,2,31211
药品区分性别使用,安胎丸,atw,12,31404
药品区分性别使用,安胎益母丸,atymw,1,31405
药品区分性别使用,奥硝唑阴道栓,axzyds,16,31363
药品区分性别使用,八宝坤顺丸,bbksw,5,31407
药品区分性别使用,百草妇炎清栓,bcfyqs,6,31212
药品区分性别使用,白带净胶囊,bdjjn,4,31411
药品区分性别使用,白带净丸,bdjw,1,31412
药品区分性别使用,白带片,bdp,2,31413
药品区分性别使用,白带丸,bdw,48,31414
药品区分性别使用,保妇康凝胶,bfknj,12,31213
药品区分性别使用,保妇康泡沫剂,bfkpmj,1,31415
药品区分性别使用,保妇康栓,bfks,6,31214
药品区分性别使用,葆宫止血颗粒,bgzxkl,5,31215
药品区分性别使用,比卡鲁胺胶囊,bklajn,3,31216
药品区分性别使用,比卡鲁胺片,bklap,14,31217
药品区分性别使用,补肾斑龙片,bsblp,18,31424
药品区分性别使用,保胎灵,btl,21,31416
药品区分性别使用,保胎灵胶囊,btljn,8,31417
药品区分性别使用,保胎灵片,btlp,9,31418
药品区分性别使用,保胎丸,btw,19,31419
药品区分性别使用,保胎无忧胶囊,btwyjn,3,31420
药品区分性别使用,保胎无忧片,btwyp,9,31421
药品区分性别使用,保胎无忧散,btwys,2,31422
药品区分性别使用,八味痛经胶囊,bwtjjn,3,31408
药品区分性别使用,八味痛经颗粒,bwtjkl,5,31409
药品区分性别使用,八味痛经片,bwtjp,2,31410
药品区分性别使用,博性康药膜,bxkym,2,31423
药品区分性别使用,补血生乳颗粒,bxsrkl,3,31300
药品区分性别使用,补血调经片,bxtjp,9,31425
药品区分性别使用,补血益母颗粒,bxymkl,3,31301
药品区分性别使用,补血益母丸,bxymw,2,31302
药品区分性别使用,潮安胶囊,cajn,1,31443
药品区分性别使用,潮安片,cap,4,31444
药品区分性别使用,产妇安合剂,cfahj,13,31431
药品区分性别使用,产妇安胶囊,cfajn,9,31432
药品区分性别使用,产妇安口服液,cfakfy,5,31434
药品区分性别使用,产妇安颗粒,cfakl,28,31433
药品区分性别使用,产复康颗粒,cfkkl,8,31218
药品区分性别使用,产复欣颗粒,cfxkl,3,31435
药品区分性别使用,产复欣丸,cfxw,4,31436
药品区分性别使用,产后补丸,chbw,2,31437
药品区分性别使用,慈航胶囊,chjn,8,31447
药品区分性别使用,产后康膏,chkg,4,31438
药品区分性别使用,慈航片,chp,17,31448
药品区分性别使用,慈航丸,chw,2,31449
药品区分性别使用,产后益母丸,chymw,1,31439
药品区分性别使用,产后逐瘀胶囊,chzyjn,10,31219
药品区分性别使用,产后逐瘀颗粒,chzykl,3,31440
药品区分性别使用,产后逐瘀片,chzyp,9,31441
药品区分性别使用,产灵丸,clw,3,31442
药品区分性别使用,参芪益母颗粒,cqymkl,4,31426
药品区分性别使用,催乳颗粒,crkl,3,31451
药品区分性别使用,椿乳凝胶,crnj,2,31303
药品区分性别使用,催乳丸,crw,2,31452
药品区分性别使用,醋酸阿比特龙片,csabtlp,20,31220
药品区分性别使用,醋酸阿托西班注射液,csatxbzsy,31,31304
药品区分性别使用,除湿白带丸,csbdw,12,31445
药品区分性别使用,醋酸氯己定栓,csljds,10,31450
药品区分性别使用,参术止带糖浆,cszdtj,5,31430
药品区分性别使用,春血安胶囊,cxajn,3,31446
药品区分性别使用,重组人干扰素α2a栓,czrgrsas,2,31399
药品区分性别使用,重组人干扰素α2b栓,czrgrsbs,3,31400
药品区分性别使用,重组人干扰素α2b阴道泡腾胶囊,czrgrsbydptjn,3,31681
药品区分性别使用,丹莪妇康煎膏,defkjg,8,31222
药品区分性别使用,丹莪妇康颗粒,defkkl,12,31223
药品区分性别使用,当归调经颗粒,dgtjkl,20,31453
药品区分性别使用,定坤丹,dkd,35,31309
药品区分性别使用,定坤丸,dkw,8,31310
药品区分性别使用,达罗他胺片,dltap,1,31221
药品区分性别使用,地诺前列酮栓,dnqlts,1,31305
药品区分性别使用,地诺孕素片,dnysp,23,31224
药品区分性别使用,地屈孕酮片,dqytp,8,31225
药品区分性别使用,度他雄胺软胶囊,dtxarjn,20,31364
药品区分性别使用,地贞颗粒,dzkl,5,31306
药品区分性别使用,二益丸,eyw,4,31477
药品区分性别使用,恩扎卢胺软胶囊,ezlarjn,6,31226
药品区分性别使用,妇宝金丸,fbjw,3,31478
药品区分性别使用,妇宝颗粒,fbkl,7,31479
药品区分性别使用,妇必舒胶囊,fbsjn,2,31480
药品区分性别使用,妇得康泡沫剂,fdkpmj,1,31481
药品区分性别使用,复方醋酸氯己定栓,ffcsljds,6,31549
药品区分性别使用,复方醋酸棉酚片,ffcsmfp,3,31365
药品区分性别使用,复方芙蓉泡腾栓,fffrpts,3,31550
药品区分性别使用,复方炔诺酮片,ffgntp,1,31552
药品区分性别使用,复方庚酸炔诺酮注射液,ffgsgntzsy,3,31551
药品区分性别使用,复方氯霉素阴道泡腾片,fflmsydptp,2,31366
药品区分性别使用,复方四维女贞子胶囊,ffswnzzjn,1,31553
药品区分性别使用,复方益母草膏,ffymcg,13,31554
药品区分性别使用,复方益母草胶囊,ffymcjn,6,31555
药品区分性别使用,复方益母草流浸膏,ffymcljg,6,31556
药品区分性别使用,复方益母胶囊,ffymjn,4,31316
药品区分性别使用,复方益母口服液,ffymkfy,6,31318
药品区分性别使用,复方益母颗粒,ffymkl,2,31317
药品区分性别使用,复方益母片,ffymp,2,31319
药品区分性别使用,复方左炔诺孕酮片,ffzgnytp,2,31557
药品区分性别使用,妇洁阴洗液,fjyxy,4,31482
药品区分性别使用,妇科白带膏,fkbdg,6,31493
药品区分性别使用,妇科白带胶囊,fkbdjn,3,31494
药品区分性别使用,妇科白带片,fkbdp,7,31495
药品区分性别使用,妇科白凤胶囊,fkbfjn,11,31496
药品区分性别使用,妇科白凤口服液,fkbfkfy,8,31498
药品区分性别使用,妇科白凤颗粒,fkbfkl,2,31497
药品区分性别使用,妇科白凤片,fkbfp,2,31499
药品区分性别使用,妇康宝合剂,fkbhj,7,31483
药品区分性别使用,妇康宝口服液,fkbkfy,18,31485
药品区分性别使用,妇康宝颗粒,fkbkl,9,31484
药品区分性别使用,妇科断红饮胶囊,fkdhyjn,2,31230
药品区分性别使用,妇科得生丸,fkdsw,1,31500
药品区分性别使用,妇科分清丸,fkfqw,10,31501
药品区分性别使用,妇科回生丸,fkhsw,3,31502
药品区分性别使用,妇可靖胶囊,fkjjn,7,31235
药品区分性别使用,妇康胶囊,fkjn,4,31486
药品区分性别使用,妇康口服液,fkkfy,2,31487
药品区分性别使用,妇康宁胶囊,fknjn,4,31488
药品区分性别使用,妇科宁坤丸,fknkw,2,31503
药品区分性别使用,妇康宁片,fknp,60,31489
药品区分性别使用,妇康片,fkp,31,31490
药品区分性别使用,妇科千金胶囊,fkqjjn,3,31231
药品区分性别使用,妇科千金片,fkqjp,4,31312
药品区分性别使用,妇康栓,fks,5,31491
药品区分性别使用,妇科十味胶囊,fkswjn,6,31504
药品区分性别使用,妇科十味片,fkswp,79,31232
药品区分性别使用,妇科调经滴丸,fktjdw,4,31311
药品区分性别使用,妇科调经胶囊,fktjjn,5,31227
药品区分性别使用,妇科调经颗粒,fktjkl,19,31228
药品区分性别使用,妇科调经片,fktjp,80,31229
药品区分性别使用,妇康丸,fkw,6,31492
药品区分性别使用,妇科万应膏,fkwyg,9,31505
药品区分性别使用,妇科养坤丸,fkykw,11,31506
药品区分性别使用,妇科养荣胶囊,fkyrjn,5,31507
药品区分性别使用,妇科养荣丸,fkyrw,10,31508
药品区分性别使用,妇科养荣丸(浓缩丸),fkyrwnsw,9,31509
药品区分性别使用,妇科止带胶囊,fkzdjn,8,31510
药品区分性别使用,妇科止带片,fkzdp,31,31511
药品区分性别使用,妇科止血灵,fkzxl,22,31512
药品区分性别使用,妇科止血灵胶囊,fkzxljn,11,31513
药品区分性别使用,妇科止血灵片,fkzxlp,3,31514
药品区分性别使用,妇科止痒胶囊,fkzyjn,2,31515
药品区分性别使用,妇科止痒片,fkzyp,8,31516
药品区分性别使用,妇科再造胶囊,fkzzjn,3,31233
药品区分性别使用,妇科再造丸,fkzzw,6,31234
药品区分性别使用,妇乐胶囊,fljn,6,31313
药品区分性别使用,妇良胶囊,fljn,3,31518
药品区分性别使用,妇乐颗粒,flkl,21,31314
药品区分性别使用,妇乐片,flp,6,31236
药品区分性别使用,妇良片,flp,5,31519
药品区分性别使用,妇乐糖浆,fltj,2,31517
药品区分性别使用,妇宁胶囊,fnjn,5,31520
药品区分性别使用,妇宁康胶囊,fnkjn,2,31521
药品区分性别使用,妇宁颗粒,fnkl,5,31523
药品区分性别使用,妇宁康片,fnkp,10,31522
药品区分性别使用,妇宁栓,fns,12,31524
药品区分性别使用,妇女痛经颗粒,fntjkl,3,31237
药品区分性别使用,妇女痛经丸,fntjw,11,31315
药品区分性别使用,妇宁丸,fnw,2,31525
药品区分性别使用,妇女养血丸,fnyxw,2,31526
药品区分性别使用,妇平胶囊,fpjn,2,31527
药品区分性别使用,妇舒丸,fsw,13,31528
药品区分性别使用,妇痛宁肠溶软胶囊,ftncrrjn,1,31529
药品区分性别使用,妇血安片,fxap,3,31530
药品区分性别使用,妇血康颗粒,fxkkl,5,31531
药品区分性别使用,妇炎净胶囊,fyjjn,6,31532
药品区分性别使用,妇炎净片,fyjp,14,31533
药品区分性别使用,妇炎康复咀嚼片,fykfjjp,1,31536
药品区分性别使用,妇炎康复胶囊,fykfjn,15,31535
药品区分性别使用,妇炎康复颗粒,fykfkl,2,31537
药品区分性别使用,妇炎康复片,fykfp,47,31538
药品区分性别使用,妇炎康分散片,fykfsp,11,31534
药品区分性别使用,妇月康胶囊,fykjn,36,31546
药品区分性别使用,妇月康颗粒,fykkl,2,31547
药品区分性别使用,妇炎康片,fykp,62,31539
药品区分性别使用,妇月康片,fykp,3,31548
药品区分性别使用,妇炎康软胶囊,fykrjn,13,31540
药品区分性别使用,妇炎康丸,fykw,8,31541
药品区分性别使用,妇炎灵胶囊,fyljn,10,31542
药品区分性别使用,妇炎灵栓,fyls,3,31543
药品区分性别使用,妇炎平栓,fyps,4,31238
药品区分性别使用,妇炎舒胶囊,fysjn,4,31239
药品区分性别使用,妇炎舒片,fysp,10,31240
药品区分性别使用,妇炎泰颗粒,fytkl,7,31544
药品区分性别使用,妇炎消胶囊,fyxjn,4,31241
药品区分性别使用,妇炎消口服液,fyxkfy,6,31545
药品区分性别使用,炔雌醇环丙孕酮片,gcchbytp,5,31265
药品区分性别使用,宫颈癌片,gjap,4,31367
药品区分性别使用,宫颈癌栓,gjas,4,31368
药品区分性别使用,固经丸,gjw,6,31567
药品区分性别使用,宫颈炎康栓,gjyks,9,31242
药品区分性别使用,宫瘤宁胶囊,glnjn,11,31320
药品区分性别使用,宫瘤宁颗粒,glnkl,1,31321
药品区分性别使用,宫瘤宁片,glnp,5,31322
药品区分性别使用,宫瘤清胶囊,glqjn,4,31323
药品区分性别使用,宫瘤清颗粒,glqkl,5,31324
药品区分性别使用,宫瘤清片,glqp,8,31325
药品区分性别使用,宫瘤消胶囊,glxjn,2,31326
药品区分性别使用,宫宁颗粒,gnkl,1,31559
药品区分性别使用,炔诺酮片,gntp,3,31354
药品区分性别使用,固肾安胎丸,gsatw,2,31568
药品区分性别使用,归芍调经胶囊,gstjjn,6,31569
药品区分性别使用,归芍调经片,gstjp,1,31570
药品区分性别使用,睾丸片,gwp,8,31558
药品区分性别使用,宫血宁胶囊,gxnjn,3,31243
药品区分性别使用,宫血停颗粒,gxtkl,4,31244
药品区分性别使用,宫炎康胶囊,gykjn,2,31560
药品区分性别使用,宫炎康颗粒,gykkl,75,31561
药品区分性别使用,宫炎平滴丸,gypdw,4,31562
药品区分性别使用,宫炎平分散片,gypfsp,8,31563
药品区分性别使用,宫炎平胶囊,gypjn,34,31245
药品区分性别使用,宫炎平片,gypp,11,31327
药品区分性别使用,宫月舒胶囊,gysjn,1,31564
药品区分性别使用,黄精赞育胶囊,hjzyjn,3,31573
药品区分性别使用,黄体酮注射液(Ⅱ),httzsy,2,31329
药品区分性别使用,活血调经丸,hxtjw,5,31574
药品区分性别使用,化瘀固精合剂,hygjhj,4,31571
药品区分性别使用,化瘀舒经胶囊,hysjjn,4,31572
药品区分性别使用,经带宁胶囊,jdnjn,2,31584
药品区分性别使用,结合雌激素乳膏,jhcjsrg,2,31583
药品区分性别使用,甲磺酸酚妥拉明分散片,jhsftlmfsp,6,31369
药品区分性别使用,甲磺酸酚妥拉明胶囊,jhsftlmjn,8,31370
药品区分性别使用,甲磺酸酚妥拉明颗粒,jhsftlmkl,1,31371
药品区分性别使用,甲磺酸酚妥拉明片,jhsftlmp,9,31372
药品区分性别使用,聚甲酚磺醛凝胶,jjfhqnj,1,31375
药品区分性别使用,聚甲酚磺醛栓,jjfhqs,18,31247
药品区分性别使用,聚甲酚磺醛阴道栓,jjfhqyds,33,31248
药品区分性别使用,经前舒颗粒,jqskl,2,31332
药品区分性别使用,健身安胎丸,jsatw,1,31580
药品区分性别使用,金锁固精丸,jsgjw,77,31330
药品区分性别使用,金锁固精丸(浓缩丸),jsgjwnsw,25,31331
药品区分性别使用,经舒胶囊,jsjn,3,31333
药品区分性别使用,经舒颗粒,jskl,2,31334
药品区分性别使用,加味八珍益母膏,jwbzymg,5,31575
药品区分性别使用,加味八珍益母胶囊,jwbzymjn,2,31576
药品区分性别使用,加味益母草膏,jwymcg,8,31577
药品区分性别使用,经血宁胶囊,jxnjn,2,31585
药品区分性别使用,甲硝维参阴道膨胀栓,jxwcydpzs,4,31578
药品区分性别使用,甲硝维参阴道栓,jxwcyds,7,31579
药品区分性别使用,甲硝唑呋喃唑酮栓,jxzfnzts,5,31373
药品区分性别使用,甲硝唑阴道凝胶,jxzydnj,5,31374
药品区分性别使用,甲硝唑阴道泡腾片,jxzydptp,49,31246
药品区分性别使用,健阳胶囊,jyjn,2,31581
药品区分性别使用,健阳片,jyp,5,31582
药品区分性别使用,枸橼酸托瑞米芬片,jystrmfp,7,31328
药品区分性别使用,枸橼酸西地那非口崩片,jysxdnfkbp,114,31565
药品区分性别使用,枸橼酸西地那非片,jysxdnfp,382,31566
药品区分性别使用,卡贝缩宫素注射液,kbsgszsy,24,31249
药品区分性别使用,坤宝丸,kbw,60,31595
药品区分性别使用,康妇灵胶囊,kfljn,3,31586
药品区分性别使用,康复灵栓,kfls,9,31587
药品区分性别使用,康妇炎胶囊,kfyjn,3,31251
药品区分性别使用,抗妇炎胶囊,kfyjn,4,31252
药品区分性别使用,抗宫炎分散片,kgyfsp,12,31588
药品区分性别使用,抗宫炎胶囊,kgyjn,15,31336
药品区分性别使用,抗宫炎颗粒,kgykl,6,31253
药品区分性别使用,抗宫炎片,kgyp,68,31254
药品区分性别使用,抗宫炎软胶囊,kgyrjn,12,31589
药品区分性别使用,抗宫炎丸,kgyw,2,31590
药品区分性别使用,坤净栓,kjs,14,31596
药品区分性别使用,克林霉素磷酸酯栓,klmslszs,3,31376
药品区分性别使用,克林霉素磷酸酯阴道片,klmslszydp,2,31378
药品区分性别使用,克林霉素磷酸酯阴道泡腾片,klmslszydptp,6,31377
药品区分性别使用,克林霉素磷酸酯阴道用乳膏,klmslszydyrg,2,31379
药品区分性别使用,坤灵丸,klw,12,31597
药品区分性别使用,克霉唑阴道片,kmzydp,58,31256
药品区分性别使用,克霉唑阴道膨胀栓,kmzydpzs,9,31255
药品区分性别使用,坤宁口服液,knkfy,7,31339
药品区分性别使用,坤宁颗粒,knkl,3,31338
药品区分性别使用,卡前列甲酯栓,kqljzs,3,31335
药品区分性别使用,卡前列素氨丁三醇注射液,kqlsadsczsy,22,31250
药品区分性别使用,苦参碱栓,ksjs,31,31591
药品区分性别使用,苦参碱阴道膨胀栓,ksjydpzs,1,31592
药品区分性别使用,苦参膜,ksm,3,31593
药品区分性别使用,苦参凝胶,ksnj,5,31337
药品区分性别使用,苦参栓,kss,17,31594
药品区分性别使用,坤泰胶囊,ktjn,8,31340
药品区分性别使用,坤心宁颗粒,kxnkl,1,31341
药品区分性别使用,坤元通乳口服液,kytrkfy,1,31598
药品区分性别使用,氯喹那多/普罗雌烯阴道片,lkndplcxydp,3,31257
药品区分性别使用,氯喹那多-普罗雌烯阴道片,lkndplcxydp,10,31258
药品区分性别使用,路路通益母膏,lltymg,1,31601
药品区分性别使用,氯霉素阴道软胶囊,lmsydrjn,3,31380
药品区分性别使用,乐孕宁口服液,lynkfy,5,31600
药品区分性别使用,乐孕宁颗粒,lynkl,3,31599
药品区分性别使用,麦当乳通颗粒,mdrtkl,2,31602
药品区分性别使用,灭滴栓,mds,2,31603
药品区分性别使用,马来酸麦角新碱注射液,mlsmjxjzsy,6,31342
药品区分性别使用,母乳多颗粒,mrdkl,5,31604
药品区分性别使用,男宝胶囊,nbjn,75,31605
药品区分性别使用,女宝胶囊,nbjn,35,31612
药品区分性别使用,男春宝胶囊,ncbjn,5,31606
药品区分性别使用,男春宝颗粒,ncbkl,2,31607
药品区分性别使用,诺氟沙星栓,nfsxs,1,31611
药品区分性别使用,暖宫孕子胶囊,ngyzjn,9,31608
药品区分性别使用,暖宫孕子片,ngyzp,2,31609
药品区分性别使用,暖宫孕子丸,ngyzw,23,31610
药品区分性别使用,女金胶囊,njjn,2,31343
药品区分性别使用,女金片,njp,20,31259
药品区分性别使用,女金丸,njw,76,31260
药品区分性别使用,女科十珍丸,nkszw,2,31613
药品区分性别使用,女珍颗粒,nzkl,3,31344
药品区分性别使用,普罗雌烯乳膏,plcxrg,2,31261
药品区分性别使用,普罗雌烯阴道胶丸,plcxydjw,2,31262
药品区分性别使用,普罗雌烯阴道用软胶囊,plcxydyrjn,3,31263
药品区分性别使用,普适泰片,pstp,4,31264
药品区分性别使用,盆炎净咀嚼片,pyjjjp,4,31614
药品区分性别使用,盆炎净胶囊,pyjjn,76,31345
药品区分性别使用,盆炎净口服液,pyjkfy,4,31347
药品区分性别使用,盆炎净颗粒,pyjkl,4,31346
药品区分性别使用,盆炎净片,pyjp,23,31348
药品区分性别使用,盆炎清栓,pyqs,20,31615
药品区分性别使用,祛腐二香栓,qfexs,2,31620
药品区分性别使用,芪骨胶囊,qgjn,2,31350
药品区分性别使用,千金保孕丸,qjbyw,1,31616
药品区分性别使用,清经胶囊,qjjn,2,31619
药品区分性别使用,芪胶调经颗粒,qjtjkl,2,31351
药品区分性别使用,千金止带丸,qjzdw,13,31352
药品区分性别使用,千金止带丸(水丸),qjzdwsw,3,31353
药品区分性别使用,屈螺酮炔雌醇片,qltgccp,7,31381
药品区分性别使用,屈螺酮炔雌醇片(Ⅱ),qltgccp,2,31382
药品区分性别使用,前列腺素E1乳膏,qlxserg,3,31617
药品区分性别使用,芩苓子阴道灌注液,qlzydgzy,2,31618
药品区分性别使用,七制香附丸,qzxfw,28,31349
药品区分性别使用,壬苯醇醚栓,rbcms,19,31621
药品区分性别使用,乳泉颗粒,rqkl,13,31622
药品区分性别使用,乳酸环丙沙星阴道泡腾片,rshbsxydptp,1,31383
药品区分性别使用,乳酸菌阴道胶囊,rsjydjn,4,31266
药品区分性别使用,乳酸依沙吖啶注射液,rsysadzsy,10,31355
药品区分性别使用,瑞维鲁胺片,rwlap,2,31267
药品区分性别使用,舒尔经胶囊,sejjn,4,31356
药品区分性别使用,舒尔经颗粒,sejkl,3,31357
药品区分性别使用,舒尔经片,sejp,2,31358
药品区分性别使用,缩宫素鼻喷雾剂,sgsbpwj,2,31268
药品区分性别使用,缩宫素注射液,sgszsy,87,31269
药品区分性别使用,生精胶囊,sjjn,4,31623
药品区分性别使用,参茸保胎丸,srbtw,5,31427
药品区分性别使用,生乳灵,srl,9,31624
药品区分性别使用,参茸鹿胎膏,srltg,7,31428
药品区分性别使用,参茸鹿胎丸,srltw,6,31429
药品区分性别使用,生乳片,srp,4,31625
药品区分性别使用,生乳汁,srz,16,31626
药品区分性别使用,嗣育保胎丸,sybtw,1,31627
药品区分性别使用,双唑泰泡腾片,sztptp,4,31384
药品区分性别使用,双唑泰栓,szts,45,31385
药品区分性别使用,双唑泰阴道凝胶,sztydnj,4,31386
药品区分性别使用,双唑泰阴道泡腾片,sztydptp,41,31387
药品区分性别使用,双唑泰阴道膨胀栓,sztydpzs,3,31388
药品区分性别使用,双唑泰阴道软胶囊,sztydrjn,3,31389
药品区分性别使用,胎产金丹,tcjd,1,31629
药品区分性别使用,胎产金丸,tcjw,1,31630
药品区分性别使用,他达拉非片,tdlfp,922,31628
药品区分性别使用,调经白带丸,tjbdw,1,31454
药品区分性别使用,痛经宝颗粒,tjbkl,4,31273
药品区分性别使用,调经补血丸,tjbxw,4,31455
药品区分性别使用,调经促孕丸,tjcyw,13,31456
药品区分性别使用,蹄甲多肽片,tjdtp,13,31391
药品区分性别使用,调经活血胶囊,tjhxjn,5,31307
药品区分性别使用,调经活血片,tjhxp,2,31308
药品区分性别使用,调经化瘀丸,tjhyw,2,31457
药品区分性别使用,痛经胶囊,tjjn,2,31636
药品区分性别使用,调经健胃丸,tjjww,3,31458
药品区分性别使用,痛经口服液,tjkfy,5,31637
药品区分性别使用,痛经灵颗粒,tjlkl,10,31638
药品区分性别使用,痛经宁胶囊,tjnjn,1,31639
药品区分性别使用,痛经宁口服液,tjnkfy,3,31640
药品区分性别使用,痛经宁糖浆,tjntj,1,31641
药品区分性别使用,痛经片,tjp,2,31642
药品区分性别使用,调经祛斑胶囊,tjqbjn,2,31459
药品区分性别使用,调经祛斑片,tjqbp,14,31460
药品区分性别使用,调经祛斑丸,tjqbw,1,31461
药品区分性别使用,痛经软膏,tjrg,1,31643
药品区分性别使用,痛经调理口服液,tjtlkfy,1,31635
药品区分性别使用,调经丸,tjw,17,31462
药品区分性别使用,痛经丸,tjw,10,31644
药品区分性别使用,调经益灵胶囊,tjyljn,1,31467
药品区分性别使用,调经益灵片,tjylp,15,31468
药品区分性别使用,调经益母胶囊,tjymjn,4,31469
药品区分性别使用,调经益母片,tjymp,5,31470
药品区分性别使用,调经养血丸,tjyxw,4,31463
药品区分性别使用,调经养颜胶囊,tjyyjn,4,31464
药品区分性别使用,调经养颜颗粒,tjyykl,5,31465
药品区分性别使用,调经养颜片,tjyyp,10,31466
药品区分性别使用,调经至宝丸,tjzbw,1,31474
药品区分性别使用,调经止带丸,tjzdw,2,31471
药品区分性别使用,调经姊妹丸,tjzmw,9,31476
药品区分性别使用,调经止痛胶囊,tjztjn,7,31472
药品区分性别使用,调经止痛片,tjztp,15,31473
药品区分性别使用,调经种子丸,tjzzw,2,31475
药品区分性别使用,酮康唑栓,tkzs,2,31272
药品区分性别使用,特康唑阴道栓,tkzyds,1,31390
药品区分性别使用,通络生乳糖浆,tlsrtj,1,31633
药品区分性别使用,田七痛经胶囊,tqtjjn,64,31271
药品区分性别使用,通乳颗粒,trkl,3,31634
药品区分性别使用,替硝唑阴道片,txzydp,1,31631
药品区分性别使用,替硝唑阴道泡腾片,txzydptp,21,31270
药品区分性别使用,天珠生乳颗粒,tzsrkl,1,31632
药品区分性别使用,温经白带丸,wjbdw,1,31646
药品区分性别使用,温经活血片,wjhxp,14,31647
药品区分性别使用,温经颗粒,wjkl,2,31648
药品区分性别使用,温经丸,wjw,1,31649
药品区分性别使用,温经养血合剂,wjyxhj,3,31650
药品区分性别使用,温经止痛膏,wjztg,3,31651
药品区分性别使用,瓦松栓,wss,2,31645
药品区分性别使用,五子衍宗丸,wzyzw,178,31652
药品区分性别使用,烯丙雌醇片,xbccp,3,31359
药品区分性别使用,硝呋太尔阴道片,xfteydp,18,31275
药品区分性别使用,硝呋太尔-制霉菌素阴道栓,xftezmjsyds,4,31276
药品区分性别使用,硝呋太尔制霉素阴道软胶囊,xftezmsydrjn,11,31277
药品区分性别使用,消糜栓,xms,16,31654
药品区分性别使用,下乳涌泉散,xryqs,2,31653
药品区分性别使用,硝酸咪康唑栓,xsmkzs,37,31278
药品区分性别使用,硝酸咪康唑阴道片,xsmkzydp,6,31280
药品区分性别使用,硝酸咪康唑阴道泡腾片,xsmkzydptp,3,31279
药品区分性别使用,硝酸咪康唑阴道软胶囊,xsmkzydrjn,13,31281
药品区分性别使用,鲜益母草胶囊,xymcjn,5,31274
药品区分性别使用,愈带丸,ydw,5,31667
药品区分性别使用,阴道用乳杆菌活菌胶囊,ydyrgjhjjn,2,31290
药品区分性别使用,孕妇金花胶囊,yfjhjn,2,31668
药品区分性别使用,孕妇金花片,yfjhp,3,31669
药品区分性别使用,孕妇金花丸,yfjhw,2,31670
药品区分性别使用,孕妇清火丸,yfqhw,6,31671
药品区分性别使用,氧氟沙星栓,yfsxs,12,31395
药品区分性别使用,氧氟沙星阴道泡腾片,yfsxydptp,4,31396
药品区分性别使用,益妇止血丸,yfzxw,1,31655
药品区分性别使用,益宫颗粒,ygkl,3,31656
药品区分性别使用,益宫宁血口服液,ygnxkfy,3,31657
药品区分性别使用,孕康口服液,ykkfy,7,31292
药品区分性别使用,孕康颗粒,ykkl,7,31291
药品区分性别使用,孕康糖浆,yktj,1,31672
药品区分性别使用,益母草分散片,ymcfsp,2,31658
药品区分性别使用,益母草膏,ymcg,123,31284
药品区分性别使用,益母草胶囊,ymcjn,15,31285
药品区分性别使用,益母草口服液,ymckfy,8,31659
药品区分性别使用,益母草颗粒,ymckl,377,31286
药品区分性别使用,益母草颗粒(无糖型),ymcklwtx,3,31287
药品区分性别使用,益母草流浸膏,ymcljg,14,31660
药品区分性别使用,益母草片,ymcp,19,31288
药品区分性别使用,益母草软胶囊,ymcrjn,8,31661
药品区分性别使用,益母草注射液,ymczsy,4,31289
药品区分性别使用,益母康颗粒,ymkkl,3,31662
药品区分性别使用,益母颗粒,ymkl,28,31663
药品区分性别使用,益母丸,ymw,27,31664
药品区分性别使用,益气增乳胶囊,yqzrjn,1,31665
药品区分性别使用,盐酸阿扑吗啡舌下片,ysapmfsxp,9,31392
药品区分性别使用,盐酸环丙沙星栓,yshbsxs,3,31393
药品区分性别使用,盐酸环丙沙星阴道泡腾片,yshbsxydptp,7,31394
药品区分性别使用,盐酸利托君片,ysltjp,7,31282
药品区分性别使用,盐酸利托君注射液,ysltjzsy,8,31283
药品区分性别使用,孕三烯酮胶囊,ysxtjn,1,31293
药品区分性别使用,鱼腥草素钠栓,yxcsns,9,31397
药品区分性别使用,益香当红膏,yxdhg,2,31666
药品区分性别使用,依西美坦胶囊,yxmtjn,3,31360
药品区分性别使用,依西美坦片,yxmtp,19,31361
药品区分性别使用,治带胶囊,zdjn,2,31679
药品区分性别使用,止带片,zdp,2,31677
药品区分性别使用,治带片,zdp,12,31680
药品区分性别使用,止带消糜栓,zdxms,4,31678
药品区分性别使用,左炔诺孕酮肠溶胶囊,zgnytcrjn,2,31682
药品区分性别使用,左炔诺孕酮肠溶片,zgnytcrp,5,31683
药品区分性别使用,左炔诺孕酮滴丸,zgnytdw,1,31684
药品区分性别使用,左炔诺孕酮分散片,zgnytfsp,2,31685
药品区分性别使用,左炔诺孕酮炔雌醚片,zgnytgcmp,8,31402
药品区分性别使用,左炔诺孕酮宫内节育系统,zgnytgnjyxt,1,31401
药品区分性别使用,左炔诺孕酮胶囊,zgnytjn,2,31686
药品区分性别使用,左炔诺孕酮片,zgnytp,26,31687
药品区分性别使用,制霉菌素阴道泡腾片,zmjsydptp,1,31398
药品区分性别使用,珍母口服液,zmkfy,4,31675
药品区分性别使用,治糜康栓,zmks,4,31362
药品区分性别使用,制霉素阴道栓,zmsyds,10,31294
药品区分性别使用,增乳膏,zrg,1,31673
药品区分性别使用,增乳口服液,zrkfy,1,31674
药品区分性别使用,郑氏女金丹,zsnjd,3,31676
药品区分性别使用,注射用醋酸地加瑞克,zsycsdjrk,3,31295
药品区分性别使用,注射用缩宫素,zsysgs,7,31296
药品区分性别使用,注射用盐酸利托君,zsyysltj,5,31297
药品儿童专用,氨金黄敏颗粒,ajhmkl,15,32175
药品儿童专用,丁桂儿脐贴,dgeqt,7,32176
药品儿童专用,儿童感热清丸,etgrqw,4,32177
药品儿童专用,儿童回春颗粒,ethckl,8,32180
药品儿童专用,儿童回春丸,ethcw,1,32181
药品儿童专用,儿童咳颗粒,etkkl,1,32178
药品儿童专用,儿童咳液,etky,8,32179
药品儿童专用,儿童清肺口服液,etqfkfy,2,32078
药品儿童专用,儿童清肺丸,etqfw,5,32183
药品儿童专用,儿童清热口服液,etqrkfy,1,32184
药品儿童专用,儿童清咽解热口服液,etqyjrkfy,5,32079
药品儿童专用,儿童七珍丸,etqzw,2,32182
药品儿童专用,复方小儿退热栓,ffxetrs,14,32185
药品儿童专用,荆肤止痒颗粒,jfzykl,3,32082
药品儿童专用,健脾止泻宁颗粒,jpzxnkl,4,32080
药品儿童专用,减味小儿化痰散,jwxehts,2,32186
药品儿童专用,金振口服液,jzkfy,4,32081
药品儿童专用,枯草杆菌二联活菌颗粒,kcgjelhjkl,5,32187
药品儿童专用,牛黄抱龙丸,nhblw,9,32083
药品儿童专用,清宣止咳颗粒,qxzkkl,4,32084
药品儿童专用,山白消食合剂,sbxshj,2,32188
药品儿童专用,天黄猴枣散,thhzs,4,32085
药品儿童专用,太子金颗粒,tzjkl,2,32189
药品儿童专用,五粒回春丸,wlhcw,6,32086
药品儿童专用,小儿氨酚黄那敏颗粒,xeafhnmkl,716,32190
药品儿童专用,小儿氨酚黄那敏片,xeafhnmp,59,32191
药品儿童专用,小儿氨酚烷胺颗粒,xeafwakl,74,32192
药品儿童专用,小儿氨酚伪麻分散片,xeafwmfsp,2,32193
药品儿童专用,小儿氨咖黄敏颗粒,xeakhmkl,11,32194
药品儿童专用,小儿保安丸,xebaw,1,32090
药品儿童专用,小儿白贝止咳糖浆,xebbzktj,10,32195
药品儿童专用,小儿百部止咳糖浆,xebbzktj,9,32196
药品儿童专用,小儿布洛芬栓,xeblfs,16,32092
药品儿童专用,小儿百乐片,xeblp,1,32197
药品儿童专用,小儿百寿丸,xebsw,7,32088
药品儿童专用,小儿宝泰康颗粒,xebtkkl,14,32089
药品儿童专用,小儿百效片,xebxp,3,32198
药品儿童专用,小儿鼻炎片,xebyp,4,32091
药品儿童专用,小儿柴桂退热口服液,xecgtrkfy,5,32094
药品儿童专用,小儿柴桂退热颗粒,xecgtrkl,17,32093
药品儿童专用,小儿参术健脾丸,xecsjpw,13,32199
药品儿童专用,小儿肠胃康颗粒,xecwkkl,13,32095
药品儿童专用,小儿定喘口服液,xedckfy,5,32098
药品儿童专用,小儿导赤片,xedcp,11,32097
药品儿童专用,小儿大黄碳酸氢钠片,xedhtsqnp,1,32200
药品儿童专用,小儿对乙酰氨基酚片,xedyxajfp,5,32099
药品儿童专用,小儿多种维生素注射液(13),xedzwsszsy,1,32162
药品儿童专用,小儿酚氨咖敏颗粒,xefakmkl,24,32204
药品儿童专用,小儿肺闭宁片,xefbnp,7,32201
药品儿童专用,小儿复方氨酚烷胺片,xeffafwap,10,32208
药品儿童专用,小儿复方氨基酸注射液(18AA-Ⅱ),xeffajszsyaa,5,32163
药品儿童专用,小儿复方氨基酸注射液(19AA-Ⅰ),xeffajszsyaa,8,32165
药品儿童专用,小儿复方氨基酸注射液(18AA-I),xeffajszsyaai,21,32164
药品儿童专用,小儿复方磺胺二甲嘧啶散,xeffhaejmds,7,32209
药品儿童专用,小儿复方磺胺嘧啶颗粒,xeffhamdkl,1,32210
药品儿童专用,小儿复方磺胺嘧啶散,xeffhamds,1,32211
药品儿童专用,小儿复方鸡内金咀嚼片,xeffjnjjjp,4,32212
药品儿童专用,小儿复方鸡内金散,xeffjnjs,31,32213
药品儿童专用,小儿复方麻黄碱桔梗糖浆,xeffmhjjgtj,12,32214
药品儿童专用,小儿复方麝香草酚撒粉,xeffsxcfsf,3,32215
药品儿童专用,小儿肺咳颗粒,xefkkl,26,32100
药品儿童专用,小儿扶脾颗粒,xefpkl,2,32207
药品儿童专用,小儿敷脐止泻散,xefqzxs,4,32206
药品儿童专用,小儿肺热咳喘口服液,xefrkckfy,5,32102
药品儿童专用,小儿肺热咳喘颗粒,xefrkckl,29,32101
药品儿童专用,小儿肺热平胶囊,xefrpjn,2,32202
药品儿童专用,小儿风热清合剂(口服液),xefrqhjkfy,2,32205
药品儿童专用,小儿肺热清颗粒,xefrqkl,3,32103
药品儿童专用,小儿腹泻宁,xefxn,1,32166
药品儿童专用,小儿腹泻宁合剂,xefxnhj,2,32104
药品儿童专用,小儿腹泻宁(泡腾颗粒),xefxnptkl,1,32167
药品儿童专用,小儿腹泻宁糖浆,xefxntj,19,32105
药品儿童专用,小儿腹泻散,xefxs,5,32106
药品儿童专用,小儿腹泻贴,xefxt,3,32107
药品儿童专用,小儿肺炎散,xefys,7,32203
药品儿童专用,小儿疳积糖,xegjt,14,32217
药品儿童专用,小儿功劳止泻颗粒,xeglzxkl,1,32224
药品儿童专用,小儿感冒茶,xegmc,1,32218
药品儿童专用,小儿感冒口服液,xegmkfy,2,32219
药品儿童专用,小儿感冒颗粒,xegmkl,250,32108
药品儿童专用,小儿感冒宁合剂,xegmnhj,15,32220
药品儿童专用,小儿感冒宁颗粒,xegmnkl,5,32221
药品儿童专用,小儿感冒宁糖浆,xegmntj,4,32222
药品儿童专用,小儿感冒散,xegms,5,32223
药品儿童专用,小儿感冒舒颗粒,xegmskl,5,32109
药品儿童专用,小儿感冒退热糖浆,xegmtrtj,6,32110
药品儿童专用,小儿广朴止泻口服液,xegpzxkfy,1,32111
药品儿童专用,小儿肝炎颗粒,xegykl,11,32216
药品儿童专用,小儿回春丸,xehcw,14,32237
药品儿童专用,小儿回春丸(大蜜丸),xehcwdmw,4,32238
药品儿童专用,小儿化毒胶囊,xehdjn,1,32117
药品儿童专用,小儿化毒散,xehds,15,32118
药品儿童专用,小儿黄龙颗粒,xehlkl,4,32168
药品儿童专用,小儿葫芦散,xehls,4,32231
药品儿童专用,小儿琥珀丸,xehpw,2,32232
药品儿童专用,小儿化食口服液,xehskfy,6,32119
药品儿童专用,小儿化食丸,xehsw,11,32120
药品儿童专用,小儿化痰丸,xehtw,2,32233
药品儿童专用,小儿化痰止咳颗粒,xehtzkkl,172,32234
药品儿童专用,小儿化痰止咳糖浆,xehtzktj,21,32235
药品儿童专用,小儿和胃丸,xehww,1,32229
药品儿童专用,小儿和胃消食片,xehwxsp,1,32230
药品儿童专用,小儿化滞健脾丸,xehzjpw,2,32236
药品儿童专用,小儿惊安丸,xejaw,1,32256
药品儿童专用,小儿解表口服液,xejbkfy,6,32251
药品儿童专用,小儿解表颗粒,xejbkl,9,32250
药品儿童专用,小儿解表止咳口服液,xejbzkkfy,5,32252
药品儿童专用,小儿金丹,xejd,4,32121
药品儿童专用,小儿金丹片,xejdp,13,32122
药品儿童专用,小儿惊风片,xejfp,1,32257
药品儿童专用,小儿惊风七厘散,xejfqls,5,32258
药品儿童专用,小儿惊风散,xejfs,5,32259
药品儿童专用,小儿解感颗粒,xejgkl,9,32253
药品儿童专用,小儿解感片,xejgp,10,32254
药品儿童专用,小儿健脾化积口服液,xejphjkfy,3,32240
药品儿童专用,小儿健脾开胃合剂,xejpkwhj,3,32241
药品儿童专用,小儿健脾平肝颗粒,xejppgkl,2,32242
药品儿童专用,小儿健脾散,xejps,7,32243
药品儿童专用,小儿健脾贴膏,xejptg,5,32244
药品儿童专用,小儿健脾丸,xejpw,6,32245
药品儿童专用,小儿健脾养胃颗粒,xejpywkl,1,32246
药品儿童专用,小儿健脾止泻丸,xejpzxw,1,32247
药品儿童专用,小儿解热丸,xejrw,2,32255
药品儿童专用,小儿积散,xejs,1,32239
药品儿童专用,小儿健身片,xejsp,1,32248
药品儿童专用,小儿久嗽丸,xejsw,1,32260
药品儿童专用,小儿健胃糖浆,xejwtj,15,32249
药品儿童专用,小儿荆杏止咳颗粒,xejxzkkl,3,32169
药品儿童专用,小儿咳喘颗粒,xekckl,4,32112
药品儿童专用,小儿咳喘灵合剂,xekclhj,2,32113
药品儿童专用,小儿咳喘灵口服液,xekclkfy,224,32115
药品儿童专用,小儿咳喘灵颗粒,xekclkl,342,32114
药品儿童专用,小儿咳喘灵泡腾颗粒,xekclptkl,5,32225
药品儿童专用,小儿咳喘灵泡腾片,xekclptp,2,32226
药品儿童专用,小儿抗惊片,xekjp,1,32262
药品儿童专用,小儿康颗粒,xekkl,11,32261
药品儿童专用,小儿咳宁糖浆,xekntj,1,32227
药品儿童专用,小儿咳嗽宁糖浆,xeksntj,3,32116
药品儿童专用,小儿咳嗽糖浆,xekstj,9,32228
药品儿童专用,小儿抗痫胶囊,xekxjn,5,32263
药品儿童专用,小儿硫酸庆大霉素颗粒,xelsqdmskl,1,32266
药品儿童专用,小儿硫酸亚铁糖浆,xelsyttj,13,32267
药品儿童专用,小儿利湿止泻颗粒,xelszxkl,6,32264
药品儿童专用,小儿羚羊散,xelys,2,32265
药品儿童专用,小儿麻甘颗粒,xemgkl,82,32123
药品儿童专用,小儿磨积片,xemjp,3,32271
药品儿童专用,小儿明目丸,xemmw,1,32270
药品儿童专用,小儿美敏伪麻口服溶液,xemmwmkfry,1,32268
药品儿童专用,小儿秘通口服液,xemtkfy,6,32269
药品儿童专用,小儿牛黄清肺片,xenhqfp,5,32272
药品儿童专用,小儿牛黄清肺散,xenhqfs,13,32273
药品儿童专用,小儿牛黄清心散,xenhqxs,6,32124
药品儿童专用,小儿牛黄散,xenhs,8,32274
药品儿童专用,小儿脾健灵糖浆,xepjltj,1,32275
药品儿童专用,小儿葡磷泛三钙片,xeplfsgp,2,32276
药品儿童专用,小儿清毒糖浆,xeqdtj,2,32282
药品儿童专用,小儿清肺八味丸,xeqfbww,7,32283
药品儿童专用,小儿清肺化痰咀嚼片,xeqfhtjjp,3,32284
药品儿童专用,小儿清肺化痰口服液,xeqfhtkfy,9,32286
药品儿童专用,小儿清肺化痰颗粒,xeqfhtkl,10,32285
药品儿童专用,小儿清肺化痰泡腾片,xeqfhtptp,4,32287
药品儿童专用,小儿清肺颗粒,xeqfkl,5,32288
药品儿童专用,小儿脐风散,xeqfs,7,32280
药品儿童专用,小儿清肺散,xeqfs,2,32289
药品儿童专用,小儿清肺丸,xeqfw,2,32290
药品儿童专用,小儿清肺止咳片,xeqfzkp,11,32291
药品儿童专用,小儿清感灵片,xeqglp,8,32292
药品儿童专用,小儿清解颗粒,xeqjkl,13,32293
药品儿童专用,小儿启脾片,xeqpp,1,32281
药品儿童专用,小儿青翘颗粒,xeqqkl,6,32170
药品儿童专用,小儿清热感康口服液,xeqrgkkfy,2,32294
药品儿童专用,小儿清热感冒片,xeqrgmp,1,32171
药品儿童专用,小儿清热化痰栓,xeqrhts,3,32295
药品儿童专用,小儿清热利肺口服液,xeqrlfkfy,4,32128
药品儿童专用,小儿清热宁颗粒,xeqrnkl,16,32129
药品儿童专用,小儿清热宁颗粒(果味型),xeqrnklgwx,8,32296
药品儿童专用,小儿清热片,xeqrp,2,32297
药品儿童专用,小儿清热宣肺贴膏,xeqrxftg,5,32130
药品儿童专用,小儿清热止咳合剂,xeqrzkhj,9,32131
药品儿童专用,小儿清热止咳合剂(小儿清热止咳口服液),xeqrzkhjxeqrzkkfy,22,32132
药品儿童专用,小儿清热止咳口服液,xeqrzkkfy,98,32133
药品儿童专用,小儿清热止咳口服液(小儿清热止咳合剂),xeqrzkkfyxeqrzkhj,4,32134
药品儿童专用,小儿清热止咳颗粒,xeqrzkkl,10,32298
药品儿童专用,小儿清热止咳糖浆,xeqrzktj,6,32135
药品儿童专用,小儿清热止咳丸,xeqrzkw,5,32299
药品儿童专用,小儿七星茶口服液,xeqxckfy,5,32126
药品儿童专用,小儿七星茶颗粒,xeqxckl,76,32125
药品儿童专用,小儿七星茶糖浆,xeqxctj,7,32127
药品儿童专用,小儿清咽颗粒,xeqykl,54,32300
药品儿童专用,小儿奇应丸,xeqyw,4,32279
药品儿童专用,小儿七珍片,xeqzp,1,32277
药品儿童专用,小儿七珍丸,xeqzw,7,32278
药品儿童专用,小儿热咳口服液,xerkkfy,3,32136
药品儿童专用,小儿热咳清胶囊,xerkqjn,1,32301
药品儿童专用,小儿乳酸菌素片,xersjsp,9,32303
药品儿童专用,小儿热速清口服液,xersqkfy,9,32138
药品儿童专用,小儿热速清颗粒,xersqkl,21,32137
药品儿童专用,小儿热速清糖浆,xersqtj,13,32139
药品儿童专用,小儿鞣酸小檗碱片,xersxbjp,4,32302
药品儿童专用,小儿疏表丸,xesbw,1,32305
药品儿童专用,小儿暑感宁糖浆,xesgntj,2,32141
药品儿童专用,小儿双磺甲氧苄啶颗粒,xeshjybdkl,9,32306
药品儿童专用,小儿双金清热口服液,xesjqrkfy,5,32307
药品儿童专用,小儿双解止泻颗粒,xesjzxkl,2,32142
药品儿童专用,小儿石蔻散,xesks,1,32172
药品儿童专用,小儿双清颗粒,xesqkl,2,32143
药品儿童专用,小儿豉翘清热颗粒,xesqqrkl,9,32096
药品儿童专用,小儿豉翘清热糖浆,xesqqrtj,2,32161
药品儿童专用,小儿渗湿止泻散,xesszxs,2,32304
药品儿童专用,小儿四维葡钙颗粒,xeswpgkl,36,32308
药品儿童专用,小儿四维葡钙片,xeswpgp,2,32309
药品儿童专用,小儿生血糖浆,xesxtj,11,32140
药品儿童专用,小儿四症丸,xeszw,3,32310
药品儿童专用,小儿太极丸,xetjw,8,32311
药品儿童专用,小儿退热合剂,xetrhj,12,32145
药品儿童专用,小儿退热合剂(小儿退热口服液),xetrhjxetrkfy,15,32146
药品儿童专用,小儿退热口服液,xetrkfy,55,32147
药品儿童专用,小儿退热颗粒,xetrkl,3,32312
药品儿童专用,小儿碳酸钙D3颗粒,xetsgdkl,52,32144
药品儿童专用,小儿胃宝片,xewbp,1,32314
药品儿童专用,小儿胃宝丸,xewbw,2,32315
药品儿童专用,小儿伪麻滴剂,xewmdj,1,32313
药品儿童专用,小儿五维赖氨酸糖浆,xewwlastj,4,32316
药品儿童专用,小儿宣肺止咳颗粒,xexfzkkl,13,32154
药品儿童专用,小儿消积化虫散,xexjhcs,1,32323
药品儿童专用,小儿香橘丸,xexjw,1,32148
药品儿童专用,小儿消积止咳口服液,xexjzkkfy,4,32150
药品儿童专用,小儿消积止咳颗粒,xexjzkkl,2,32149
药品儿童专用,小儿消咳片,xexkp,16,32322
药品儿童专用,小儿泻痢片,xexlp,2,32328
药品儿童专用,小儿喜食咀嚼片,xexsjjp,2,32317
药品儿童专用,小儿消食咀嚼片,xexsjjp,4,32325
药品儿童专用,小儿消食健胃丸,xexsjww,2,32324
药品儿童专用,小儿消食颗粒,xexskl,24,32151
药品儿童专用,小儿喜食颗粒,xexskl,5,32318
药品儿童专用,小儿消食开胃颗粒,xexskwkl,1,32326
药品儿童专用,小儿消食片,xexsp,15,32152
药品儿童专用,小儿喜食片,xexsp,18,32320
药品儿童专用,小儿喜食泡腾片,xexsptp,1,32319
药品儿童专用,小儿喜食糖浆,xexstj,23,32321
药品儿童专用,小儿泻速停颗粒,xexstkl,18,32153
药品儿童专用,小儿泄泻停颗粒,xexxtkl,1,32327
药品儿童专用,小儿泻止散,xexzs,3,32329
药品儿童专用,小儿咽扁颗粒,xeybkl,155,32157
药品儿童专用,小儿厌食颗粒,xeyskl,2,32156
药品儿童专用,小儿盐酸赖氨酸颗粒,xeyslaskl,4,32330
药品儿童专用,小儿盐酸异丙嗪片,xeysybqp,4,32155
药品儿童专用,小儿珍贝散,xezbs,5,32334
药品儿童专用,小儿至宝丸,xezbw,11,32158
药品儿童专用,小儿紫贝宣肺糖浆,xezbxftj,5,32174
药品儿童专用,小儿珠黄散,xezhs,1,32348
药品儿童专用,小儿镇惊散,xezjs,1,32336
药品儿童专用,小儿镇惊丸,xezjw,2,32337
药品儿童专用,小儿止咳糖浆,xezktj,356,32338
药品儿童专用,小儿智力糖浆,xezltj,25,32347
药品儿童专用,小儿珠珀散(原名:珠珀猴枣散),xezpsymzphzs,4,32173
药品儿童专用,小儿止嗽金丹,xezsjd,9,32339
药品儿童专用,小儿增食颗粒,xezskl,4,32331
药品儿童专用,小儿增食片,xezsp,7,32332
药品儿童专用,小儿止嗽糖浆,xezstj,1,32340
药品儿童专用,小儿增食丸,xezsw,2,32333
药品儿童专用,小儿止嗽丸,xezsw,3,32341
药品儿童专用,小儿止泻安颗粒,xezxakl,5,32342
药品儿童专用,小儿止泻膏,xezxg,2,32343
药品儿童专用,小儿止泻灵颗粒,xezxlkl,20,32344
药品儿童专用,小儿治哮灵片,xezxlp,3,32346
药品儿童专用,小儿止泻贴,xezxt,1,32345
药品儿童专用,小儿珍珠镇惊丸,xezzzjw,1,32335
药品儿童专用,醒脾养儿颗粒,xpyekl,3,32159
药品儿童专用,消旋卡多曲颗粒,xxkdqkl,16,32087
药品儿童专用,猪肺磷脂注射液,zflzzsy,4,32160
药品限儿童使用,波生坦分散片,bstfsp,1,32355
药品限儿童使用,复方聚乙二醇(3350)电解质散,ffjyecdjzs,6,32354
药品限儿童使用,硫酸氢司美替尼胶囊,lsqsmtnjn,2,32357
药品限儿童使用,玛巴洛沙韦干混悬剂,mblswghxj,1,32356
药品限儿童使用,咪达唑仑口服溶液,mdzlkfry,2,32349
药品限儿童使用,孟鲁司特钠口溶膜,mlstnkrm,4,32359
药品限儿童使用,水合氯醛灌肠剂,shlqgcj,2,32351
药品限儿童使用,水合氯醛/糖浆组合包装,shlqtjzhbz,2,32350
药品限儿童使用,他克莫司颗粒,tkmskl,2,32352
药品限儿童使用,小儿法罗培南钠颗粒,xeflpnnkl,4,32353
药品限儿童使用,盐酸可乐定缓释片,yskldhsp,2,32358
